,Beta_w,r_b,weight
1,1.946609234,1.320773467,0.000704761
2,2.164617647,1.357594476,0.000437532
3,7.069478361,1.409837161,0.000557745
4,1.404277069,1.710778134,0.000401851
5,1.339592526,1.837772317,0.00043748
6,6.956276863,1.357566641,0.001901561
7,1.418197467,1.704498141,0.000550181
8,1.940769959,1.371255844,0.000386738
9,1.423487633,1.68863496,0.000306751
10,9.066996384,1.548424521,0.001662274
11,1.509719282,1.536831855,0.000322461
12,1.667741726,1.49508085,0.00035975
13,8.434687247,1.442049147,0.00119619
14,1.312037787,1.80724676,0.000650772
15,1.513716006,1.540250909,0.000411762
16,1.388454752,1.681012188,0.000438194
17,1.687250335,1.393811056,0.000325599
18,1.39574975,1.576942542,0.000404459
19,2.217018098,1.354800935,0.000403023
20,1.633467603,1.556838651,0.0004051
21,1.342944168,1.626831047,0.000337187
22,7.499946656,1.450825263,0.000962155
23,1.312465577,1.615898728,0.00046168
24,5.452989426,1.510351157,0.001582954
25,1.45332266,1.619887752,0.000475266
26,1.828547348,1.379059774,0.000426341
27,1.829083422,1.468311971,0.000345969
28,1.476528753,1.480084872,0.000270449
29,1.513825391,1.541055244,0.000256111
30,1.630495649,1.392279859,0.001272818
31,1.495891032,1.4808061,0.00052765
32,1.361757421,1.594933048,0.000504035
33,1.420718293,1.677783891,0.000630094
34,1.39054078,1.592764471,0.000459119
35,1.341169503,1.504892159,0.000503765
36,1.424582303,1.445827554,0.000407688
37,1.464326451,1.586623705,0.000364745
38,1.440121333,1.492328531,0.000316346
39,1.476493396,1.498728959,0.000315317
40,1.414961777,1.638014291,0.000490917
41,1.468342651,1.452051791,0.000684533
42,1.500920141,1.619616331,0.000787158
43,2.238115914,1.251720387,0.001243747
44,9.890113264,1.467167477,0.00115073
45,1.531943364,1.526713599,0.00030068
46,5.316962584,1.456049411,0.00172305
47,1.676559378,1.398006972,0.001075936
48,1.916407281,1.475512283,0.000376014
49,1.984487074,1.392228668,0.000824817
50,1.429836241,1.470070439,0.000273739
51,1.538436282,1.492451224,0.000440132
52,8.785069419,1.42329193,0.001217416
53,1.379708909,1.559745892,0.000306999
54,7.715226699,1.56451887,0.001178331
55,8.575357966,1.384244407,0.000842823
56,1.438450476,1.631379537,0.000606086
57,1.916469912,1.476040242,0.000329882
58,1.474720549,1.416357217,0.000270249
59,1.331427225,1.778681794,0.000439816
60,1.368153699,1.530719023,0.00029777
61,1.708411245,1.445606934,0.001615626
62,1.363082782,1.788118249,0.000430899
63,1.423098066,1.719104473,0.000341329
64,1.413789586,1.496535309,0.000272806
65,1.605135306,1.368290024,0.000361533
66,1.597455258,1.454479455,0.000530457
67,2.106612138,1.235793729,0.001040833
68,1.292005821,1.710109471,0.000463469
69,1.482527662,1.552705005,0.000329799
70,1.63418846,1.391709116,0.000431807
71,1.421865826,1.539918621,0.000329924
72,1.39465513,1.752256232,0.000494115
73,1.34072636,1.574237178,0.000377202
74,1.960370868,1.335207998,0.000831966
75,8.128612982,1.319254445,0.002444861
76,1.569713795,1.438610085,0.000605517
77,1.497307227,1.483420549,0.000271238
78,5.045542322,1.371360168,0.000994906
79,1.466747604,1.648810804,0.00040386
80,1.38457617,1.594013161,0.000324535
81,1.404502315,1.492189743,0.00028075
82,2.318621677,1.442731908,0.001454945
83,2.897512419,1.45353261,0.000757803
84,1.410918843,1.642056958,0.000759129
85,1.491172887,1.444194522,0.00029954
86,1.353887535,1.526971671,0.000387766
87,1.316894754,1.626384161,0.001730832
88,1.493010243,1.416119355,0.000500616
89,1.476012129,1.48715204,0.000428032
90,1.308385933,1.655339896,0.000544638
91,2.115636175,1.356667233,0.000362362
92,1.421572197,1.490530108,0.000408765
93,1.510789786,1.66823747,0.000335656
94,1.365890556,1.626720853,0.000330172
95,1.419849605,1.576748824,0.000349499
96,1.290156072,1.577933346,0.000427585
97,1.505952689,1.4276029,0.000369596
98,1.418937349,1.665949003,0.000458093
99,1.561630783,1.437204836,0.000289383
100,7.002754484,1.691745573,0.001652745
101,3.167434242,1.276790755,0.000385759
102,1.341344354,1.708957066,0.000726122
103,1.334496959,1.728145496,0.000407443
104,1.593992442,1.54559393,0.000475455
105,1.256006269,1.875783701,0.001202051
106,1.330904361,1.681381291,0.00087367
107,1.559483407,1.527258001,0.000622447
108,1.356957961,1.652421796,0.000319325
109,7.4958242,1.450359678,0.000668208
110,5.221899717,1.544799253,0.001044243
111,1.473971801,1.585790576,0.000656672
112,1.48537001,1.536401175,0.000435544
113,1.571825519,1.360806013,0.000527689
114,1.337674975,1.50868037,0.000459462
115,1.488944478,1.527726906,0.00034467
116,1.483253091,1.578124369,0.00032347
117,1.384860283,1.506361854,0.000313517
118,2.193106974,1.358820199,0.000500143
119,1.545405034,1.542417387,0.000575785
120,1.319947562,1.757546527,0.00057356
121,1.405101268,1.546781408,0.000273442
122,1.278235961,1.727514971,0.000481048
123,1.790056416,1.429843645,0.000496539
124,1.351575524,1.734907992,0.000736903
125,1.49069965,1.450897784,0.000983853
126,1.422813435,1.560348258,0.000286809
127,1.3022372,1.621954823,0.000385525
128,6.342333044,1.343293785,0.001549919
129,1.72726998,1.406599929,0.000319116
130,1.292556649,1.97732191,0.00075981
131,1.343103847,1.534587364,0.000400705
132,1.403975197,1.558881937,0.00045624
133,1.687545759,1.393067739,0.000316385
134,1.826500362,1.246807438,0.000424138
135,1.50836157,1.558204089,0.000280104
136,1.316787458,1.786576393,0.000603862
137,1.424402241,1.424135455,0.000263353
138,2.03823208,1.380663541,0.001085925
139,1.542988749,1.52792742,0.000322749
140,1.505787844,1.534310844,0.000422737
141,6.675279878,1.419300504,0.00062308
142,8.865583693,1.517412984,0.001492992
143,1.498513636,1.426255887,0.000662993
144,1.574615989,1.596821872,0.000354702
145,1.363065513,1.579075248,0.00031559
146,7.603546928,1.353156501,0.000985115
147,1.472642672,1.470879557,0.00041368
148,1.601238182,1.561068315,0.000510341
149,1.512711253,1.51269017,0.000377013
150,1.78498611,1.430596555,0.000370769
151,1.299498217,1.726501957,0.000484182
152,1.852529183,1.352022666,0.000356765
153,1.323143733,1.710899117,0.000380769
154,1.371791404,1.417375484,0.000282822
155,9.725286828,1.497715483,0.001543962
156,1.587440241,1.371927469,0.000550476
157,1.450789385,1.567830328,0.000312733
158,1.311317306,1.663037324,0.000799222
159,1.642127599,1.374101917,0.000392844
160,1.497954867,1.60887717,0.000462005
161,1.528683214,1.489879079,0.000368166
162,1.376901932,1.651553909,0.000309213
163,1.391726394,1.544370381,0.00027929
164,9.120805099,1.457416338,0.001040631
165,1.287279377,1.769873327,0.000694863
166,1.437677417,1.770397989,0.000395149
167,1.688693047,1.493011769,0.000455738
168,1.408757599,1.655900081,0.000315634
169,1.430205517,1.529471596,0.000638988
170,1.701116808,1.468796583,0.000386702
171,1.357748392,1.571850804,0.000346764
172,1.365554537,1.543428532,0.00050384
173,1.917677228,1.475099656,0.00032654
174,1.484739797,1.45092718,0.000480583
175,1.405531705,1.585415257,0.000699641
176,1.508927563,1.700169023,0.000612726
177,1.427884561,1.385063149,0.000406182
178,1.492360868,1.643658136,0.000529323
179,2.016735166,1.511497185,0.000316935
180,1.369696413,1.555224322,0.001251809
181,1.498190071,1.578641547,0.000478218
182,1.543266801,1.504126168,0.000362225
183,6.675205513,1.381224946,0.000721976
184,1.350827415,1.734568823,0.000715538
185,8.112230707,1.722918256,0.000984424
186,1.326606405,2.073450499,0.001370561
187,1.585213874,1.471738049,0.000372056
188,1.465628772,1.463512008,0.000294677
189,1.55891541,1.421783252,0.000657599
190,1.78359906,1.429742445,0.000744532
191,1.469972854,1.457563319,0.000384778
192,1.428509648,1.38577507,0.000463095
193,1.486236671,1.429414763,0.000285787
194,1.278028252,1.716362819,0.002294601
195,7.542807135,1.442052955,0.000744662
196,1.644770034,1.51132456,0.000291166
197,1.429409401,1.474880979,0.000262982
198,1.507004522,1.410769508,0.000479103
199,2.338344416,1.306544216,0.000443137
200,9.294329561,1.381099348,0.001383224
201,1.383945453,1.591062392,0.000348994
202,1.511132854,1.566160689,0.000302718
203,7.446626422,1.354166968,0.000758388
204,1.679558188,1.385359315,0.000345293
205,1.524648744,1.514657642,0.000299122
206,2.005728238,1.335120119,0.001009067
207,1.336459507,1.629250986,0.000499608
208,1.880052555,1.255816073,0.000503397
209,1.525674088,1.369223329,0.000685137
210,1.330886419,1.865232298,0.000441462
211,1.466189062,1.648671127,0.000498678
212,8.315420669,1.326315421,0.00092526
213,1.509745698,1.571940569,0.000727652
214,1.362615459,1.545369162,0.000309086
215,7.827260596,1.493289689,0.001363916
216,1.655236866,1.420328413,0.001222411
217,7.31196232,1.333330181,0.000784619
218,2.196664402,1.334568736,0.000490541
219,8.672474864,1.285096926,0.00168464
220,1.390615761,1.708732338,0.000351012
221,1.422979135,1.718307333,0.000443132
222,8.52873128,1.400652064,0.000694333
223,7.707502498,1.464211892,0.000608705
224,1.218176021,2.160838995,0.001664304
225,1.397258618,1.579425307,0.000421465
226,2.17852441,1.338360107,0.001782411
227,1.819274701,1.384458848,0.000685209
228,8.322544455,1.416249361,0.001869585
229,1.363594978,1.550353009,0.000370133
230,1.454665408,1.621585475,0.000425771
231,1.404782813,1.711351002,0.000427687
232,1.468209545,1.386785391,0.000469517
233,6.883896172,1.409131916,0.000494098
234,1.400322392,1.728556174,0.000485404
235,1.446965878,1.49126413,0.000404338
236,1.388699022,1.941158706,0.000904205
237,1.708890837,1.444884045,0.000510841
238,1.340911641,1.505399804,0.000615525
239,1.327975689,1.790156136,0.001039798
240,4.827865739,1.479465573,0.000809617
241,1.395929489,1.476372737,0.000284458
242,1.581181561,1.531996186,0.000345511
243,1.364124498,1.757431873,0.000441758
244,1.699177935,1.42364473,0.000320409
245,1.31156456,1.750715629,0.002021866
246,7.744195206,1.437993613,0.000797819
247,1.299058265,1.790930004,0.00084621
248,1.317889275,1.76166015,0.000478144
249,1.350582653,1.46301071,0.000331284
250,1.523576084,1.4052964,0.000312753
251,1.43987063,1.59185354,0.000349544
252,1.445062537,1.506704123,0.00026695
253,1.415300593,1.607121107,0.000842053
254,1.519871639,1.704487905,0.000349744
255,1.389429886,1.712745845,0.000623301
256,5.52711632,1.395110278,0.000845417
257,1.44317047,1.562169627,0.000272499
258,1.464763452,1.587485758,0.000275735
259,3.168610334,1.277037002,0.00064128
260,2.133185055,1.382789919,0.000422934
261,8.117711609,1.355404617,0.000792651
262,1.452292123,1.430666608,0.000290475
263,1.439746046,1.413411106,0.000370953
264,1.764530787,1.601242354,0.000355069
265,6.252948644,1.394003531,0.004972212
266,1.372813448,1.571066521,0.000475632
267,1.395522083,1.752800589,0.000540836
268,1.457496692,1.464718259,0.000360887
269,1.546734978,1.528271019,0.000501696
270,1.435704219,1.541160424,0.000521315
271,1.661702768,1.280640815,0.0003574
272,7.781696567,1.476117054,0.001350007
273,1.595188381,1.547017602,0.000677203
274,1.352365329,1.687212162,0.000379854
275,1.543614181,1.492414593,0.000673381
276,7.452779071,1.401033997,0.000626758
277,6.095410765,1.388457896,0.001623735
278,6.266531805,1.373753083,0.000990874
279,1.421211649,1.490948629,0.001417793
280,6.887120958,1.409589138,0.001804484
281,1.297167978,1.805601294,0.000719433
282,1.598150067,1.475052244,0.000440422
283,9.640378929,1.586790327,0.001120565
284,1.508958525,1.667282582,0.000473119
285,1.82679083,1.247433092,0.001169788
286,1.296902391,1.743808418,0.000455129
287,1.48402655,1.66039786,0.000395033
288,3.426477125,1.250102542,0.002310013
289,1.563937313,1.271004535,0.000468999
290,1.352124262,1.686649582,0.000905198
291,1.392792372,1.629225867,0.000471381
292,1.46839589,1.561836183,0.000296483
293,1.475537182,1.417516748,0.000362793
294,1.536518327,1.4020559,0.000348181
295,1.469307883,1.604530464,0.000929738
296,1.373519625,1.574663664,0.00033934
297,1.448499663,1.517934933,0.000285086
298,1.350562742,1.734426118,0.000579673
299,1.781015086,1.486521887,0.000492467
300,1.491738012,1.531529307,0.000307843
301,1.342918133,1.685901493,0.000401631
302,1.506199635,1.53529769,0.000386882
303,1.364788361,1.541994271,0.00056439
304,8.427230943,1.441925083,0.00089886
305,1.298119214,1.724454589,0.000625517
306,1.655758055,1.402649105,0.000636966
307,1.424117547,1.707734499,0.00047909
308,1.33702681,1.728911854,0.000355078
309,1.582802741,1.394334411,0.000402998
310,1.319689932,1.487925949,0.000308241
311,1.540609103,1.487994718,0.000364738
312,8.294356267,1.400761274,0.001619386
313,2.098701468,1.371185513,0.000397901
314,1.398575338,1.45513824,0.000455879
315,1.377394772,1.539257999,0.000375812
316,1.313894919,1.604515687,0.000379236
317,1.431534582,1.664532123,0.000379397
318,1.67344027,1.390540915,0.0003273
319,8.240663717,1.314661912,0.00091476
320,1.510769546,1.567263567,0.000383749
321,1.605300834,1.44041458,0.000621391
322,1.406959255,1.600499182,0.000676076
323,1.343164991,1.627203549,0.000843002
324,1.288151889,1.771302074,0.000444529
325,1.359888706,1.715509471,0.000404862
326,1.555973007,1.585168551,0.000285415
327,1.417601262,1.638630481,0.000312887
328,1.467911972,1.448376473,0.000260257
329,1.365431617,1.619156621,0.000428695
330,1.342411249,1.684145971,0.000523334
331,1.727154746,1.406102226,0.000438523
332,1.313799158,1.60346495,0.000366703
333,1.34169724,1.475671718,0.000343133
334,1.474643624,1.551012218,0.000387228
335,9.765629039,1.349841628,0.002835061
336,1.48181899,1.572502666,0.00030409
337,1.35235414,1.47739179,0.000311448
338,1.496828942,1.505403859,0.000563776
339,1.337804655,1.509666634,0.000314816
340,1.334598544,1.810473245,0.000391947
341,1.349460214,1.54586093,0.000402907
342,1.311246708,1.658974344,0.001947043
343,1.654707929,1.40469519,0.000402546
344,1.789002111,1.43288375,0.000373552
345,1.442437023,1.507346428,0.000526194
346,1.386256575,1.592607242,0.001011944
347,1.419187607,1.660119005,0.000344713
348,1.446275178,1.612586575,0.000619518
349,2.044732669,1.364891164,0.002163419
350,1.358802983,1.597672626,0.000306534
351,1.373786184,1.585213813,0.000338349
352,1.351273553,1.605067441,0.000381215
353,1.394086895,1.617569058,0.000315198
354,2.178891673,1.338796634,0.000770134
355,1.29159112,1.986072125,0.000692073
356,1.388420117,1.688898907,0.000706801
357,1.583279629,1.671516563,0.000379561
358,1.429330278,1.451361704,0.000635988
359,1.319077264,1.666331863,0.000446998
360,6.860964115,1.382366689,0.00066124
361,1.5819333,1.664678399,0.000372436
362,1.446148167,1.50781729,0.000399062
363,2.294851822,1.359526451,0.000675509
364,1.436729129,1.632211217,0.000446715
365,1.630082333,1.437422841,0.000481647
366,1.405731524,1.587487453,0.000377434
367,1.463994998,1.585787436,0.000799628
368,1.497202021,1.702111697,0.000580307
369,1.506370007,1.586802605,0.000448584
370,1.308110881,1.931663195,0.000615309
371,4.531619216,1.457715455,0.00216579
372,2.079672436,1.316665778,0.000440687
373,1.58214254,1.557435603,0.000441676
374,1.492283567,1.5540242,0.000289862
375,1.30882862,1.656105529,0.000751221
376,1.42673952,1.354830873,0.000464924
377,1.417760544,1.462217584,0.000688624
378,1.338515685,1.508816211,0.002460166
379,1.39965143,1.394510739,0.000465677
380,6.595694103,1.534014429,0.001377371
381,1.381559784,1.621240183,0.000284655
382,1.789109562,1.432341714,0.000522635
383,7.085068897,1.429337617,0.001320761
384,1.35565796,1.618445531,0.001055653
385,1.343655119,1.767551541,0.000717035
386,8.746897826,1.259015044,0.000934106
387,1.323277061,1.91324299,0.001492564
388,1.493083385,1.416233289,0.00034303
389,4.009376525,1.496009946,0.007818297
390,1.593112742,1.315573327,0.00035115
391,1.360199516,1.563986003,0.000406131
392,1.789538715,1.432624357,0.000420135
393,1.377466805,1.49158359,0.000277287
394,1.650482888,1.458263926,0.000317063
395,6.830930939,1.443397869,0.001034585
396,6.217603649,1.492309503,0.001200866
397,6.752956844,1.351573182,0.00055933
398,7.229169285,1.355684239,0.000707676
399,1.404009482,1.461800508,0.001205914
400,8.841337245,1.381182163,0.0019486
401,1.374889082,1.456058059,0.000297011
402,1.496877657,1.702733657,0.000335429
403,1.734652319,1.470782566,0.000324856
404,6.958258281,1.287069192,0.000545536
405,1.310004955,1.658760173,0.000498453
406,1.369054984,1.554820328,0.000459549
407,1.341357792,1.507025899,0.000421159
408,1.291009662,1.617977052,0.000404737
409,1.291247064,2.191200306,0.002479594
410,1.564593476,1.527823251,0.000378824
411,1.455162155,1.627893287,0.000477721
412,8.250130558,1.480541258,0.001041979
413,1.330921821,1.741457219,0.000541078
414,1.767230256,1.418581813,0.000482248
415,1.736425667,1.363829552,0.000337519
416,1.337288759,1.5084718,0.000633722
417,1.42138261,1.788158671,0.000655064
418,1.466724156,1.425049603,0.000266652
419,2.17858248,1.338185689,0.000631574
420,9.676321367,1.371556114,0.001582862
421,8.737742324,1.36491579,0.001440652
422,1.543621356,1.486934667,0.000368739
423,1.417974882,1.625561748,0.000335742
424,7.33949312,1.715086849,0.000849555
425,6.459691729,1.397951564,0.001570168
426,1.443689592,1.554345865,0.00035922
427,1.464792449,1.534115671,0.000309709
428,1.281698707,2.071647891,0.000828826
429,1.279955332,1.943482745,0.001051162
430,1.538286722,1.549020721,0.000425791
431,1.282014918,2.030982737,0.000736996
432,1.410451722,1.478737483,0.000267677
433,1.328037966,1.790345757,0.000391963
434,1.474693116,1.416351183,0.000320172
435,1.393370979,1.414850599,0.000384734
436,1.353466532,1.739431546,0.0003826
437,1.333917002,1.726890872,0.000553948
438,1.376489592,1.79877094,0.000494423
439,1.392417287,1.413771323,0.000477758
440,1.61660993,1.313887594,0.000487839
441,1.353556913,1.675212454,0.000455734
442,5.873897956,1.536641917,0.000747717
443,1.58757354,1.371134112,0.000323821
444,1.425290479,1.532427533,0.000393018
445,1.366281078,1.580462758,0.000332509
446,1.421816687,1.584309314,0.000602465
447,6.101267564,1.386665574,0.003201409
448,2.297953874,1.361774446,0.000660208
449,1.439802923,1.414363115,0.000338762
450,1.384024872,1.585980268,0.000335328
451,1.309668115,1.657397969,0.000388477
452,1.3994714,1.610188161,0.000464353
453,1.277821774,1.725035308,0.001700031
454,1.697557098,1.422827253,0.000412017
455,1.334859857,1.666124262,0.000743827
456,1.379294476,1.485879203,0.000430702
457,1.319831729,1.9640695,0.000567641
458,1.386003495,1.531404469,0.000648514
459,1.386995502,1.686242092,0.000365284
460,7.768534177,1.356894903,0.002016787
461,1.375357336,1.4064847,0.000296353
462,8.615186505,1.49577577,0.001239492
463,1.341473167,1.475681432,0.000431815
464,7.989642473,1.398041634,0.000946771
465,1.3282009,1.656131985,0.000369417
466,5.964332169,1.384993011,0.001797809
467,5.935234202,1.50949768,0.001958623
468,2.133859113,1.382718699,0.000745767
469,1.511711669,1.669578377,0.000323822
470,1.341689946,1.893254308,0.000684358
471,1.347965505,1.700817221,0.00068289
472,1.511780996,1.440437408,0.000279131
473,1.440310244,1.409355441,0.000344871
474,1.364206315,1.581989167,0.000340132
475,1.452350438,1.715112239,0.000563832
476,1.410689694,1.479084913,0.000408852
477,1.283770326,1.766684602,0.000529611
478,1.346506452,1.834618454,0.00100944
479,1.655820773,1.42027814,0.000431406
480,2.29739045,1.361920872,0.000373568
481,1.654190943,1.248011265,0.000439486
482,8.553796279,1.398151558,0.001273054
483,1.587079727,1.372028132,0.000289974
484,2.295351029,1.360114991,0.000581694
485,1.445553945,1.431486738,0.000476892
486,5.016932787,1.502115149,0.001571684
487,1.508706911,1.520272546,0.000267005
488,1.476250196,1.428185802,0.000271691
489,1.363566752,1.55977448,0.000398991
490,1.365249087,1.59447915,0.000426349
491,1.295061947,1.732609056,0.001527815
492,1.388485167,1.587500249,0.000301036
493,1.830434007,1.409790393,0.000469591
494,1.781202385,1.485946882,0.000738332
495,7.135464755,1.552165496,0.000628838
496,1.442808072,1.561743383,0.000356491
497,1.423206849,1.719123292,0.000626556
498,1.358690984,1.760181451,0.000356699
499,1.343299083,1.570291674,0.000740932
500,1.654919477,1.443669632,0.000592244
501,1.403265454,1.470683272,0.000343964
502,1.345678634,1.627723863,0.000799276
503,1.469570685,1.605061197,0.000318307
504,6.266540144,1.372647113,0.001066737
505,1.364276126,1.700149478,0.000615694
506,1.402982998,1.581138797,0.00029217
507,1.571117903,1.414997122,0.000335878
508,1.467499469,1.714655245,0.000375123
509,5.786563526,1.539369184,0.00068064
510,1.443638461,1.560660785,0.00030635
511,1.484572989,1.660598755,0.000470989
512,1.486043132,1.494365049,0.000299201
513,1.483016587,1.44713281,0.000485942
514,1.300047506,1.755909155,0.000704251
515,1.417986583,1.63960093,0.000323842
516,1.410622926,1.505636913,0.000333682
517,1.939943084,1.370614132,0.000404325
518,1.291450806,1.819552473,0.001152367
519,1.27528089,1.788969707,0.000517357
520,1.334162818,1.727854002,0.000777761
521,1.300311594,1.754820507,0.000797773
522,1.737486315,1.36605624,0.002886233
523,2.018890642,1.354163766,0.000451816
524,1.438580791,1.590621706,0.000436805
525,1.562719848,1.326867776,0.000909501
526,1.450900821,1.712388799,0.000455893
527,1.294721661,1.732482821,0.000489392
528,1.32747961,1.652302756,0.000362263
529,8.533957508,1.458632527,0.001195978
530,1.557342828,1.395514724,0.00031747
531,1.472741512,1.471456061,0.000296616
532,1.303180295,1.623787051,0.000455181
533,5.459381244,1.484902417,0.001231674
534,1.28564243,1.692404021,0.000610517
535,6.569187249,1.365740636,0.000857888
536,1.555224491,1.391516237,0.000304126
537,5.45236335,1.357748182,0.001020446
538,1.327174448,1.560331447,0.000344952
539,1.53811261,1.548132378,0.000409604
540,1.392876822,1.501196885,0.000514085
541,1.519711667,1.339743299,0.000344662
542,3.922333055,1.568426704,0.001164187
543,1.409840963,1.534794034,0.00034277
544,1.476422138,1.498903745,0.000353886
545,1.472848382,1.574197118,0.000314443
546,9.055992923,1.32412256,0.001054193
547,8.882605465,1.459335451,0.001720073
548,7.686514393,1.438506379,0.000816595
549,1.368431515,1.775893039,0.000369421
550,1.389348462,1.4489632,0.000307231
551,8.574738964,1.384061402,0.001149429
552,1.563929517,1.551996639,0.000560228
553,1.476569112,1.428901707,0.000457887
554,1.283402577,1.860709779,0.001952961
555,1.36969092,1.754791228,0.000521826
556,8.742195822,1.36516427,0.001194784
557,1.511851962,1.440136918,0.000291241
558,1.289436376,1.731515349,0.001766316
559,1.31766781,1.76162918,0.000720694
560,5.743258274,1.449822588,0.000814775
561,1.608809083,1.434806251,0.000277392
562,2.192462886,1.359649229,0.000562979
563,1.414369195,1.724920328,0.000339516
564,1.299804267,1.872445122,0.00051552
565,1.439899771,1.592120595,0.000303058
566,1.378797984,1.536305275,0.000308176
567,1.69826134,1.42416577,0.0004173
568,2.573432957,1.316827447,0.000449109
569,8.557648048,1.258481658,0.003018925
570,8.209775159,1.561534526,0.000752892
571,4.972949673,1.473710203,0.000781618
572,9.449268102,1.538519224,0.00127568
573,1.478459592,1.412485226,0.00106191
574,1.632356806,1.46731743,0.000298994
575,1.38365132,1.748720761,0.000376675
576,7.122896104,1.51114512,0.000952828
577,1.916378338,1.474599658,0.000510638
578,2.030896633,1.432944454,0.000467934
579,1.359892013,1.754784822,0.000591383
580,1.34211617,1.625243425,0.000523543
581,1.328638205,1.791681821,0.000488814
582,1.243868912,1.681561162,0.000870245
583,1.507580522,1.436445651,0.000262111
584,1.304375366,1.799505036,0.00042732
585,1.454865583,1.465213983,0.000574125
586,7.43224845,1.377911323,0.000655467
587,1.502140919,1.526683556,0.000341732
588,1.767916049,1.384695976,0.000347279
589,1.475462535,1.527967712,0.000344053
590,1.487927452,1.599850334,0.00063786
591,1.52616493,1.397503891,0.000309951
592,1.615455771,1.557679924,0.000265468
593,1.294597491,1.688023687,0.000437676
594,1.508608959,1.526870045,0.000482873
595,1.36615797,1.585946401,0.000417726
596,2.165921391,1.36730943,0.000679854
597,4.844989098,1.422548077,0.001347222
598,1.304010778,1.775917707,0.000625213
599,3.768516677,1.253953947,0.002212381
600,1.516011683,1.548384628,0.000370058
601,1.589085488,1.31719085,0.000450993
602,1.312278474,1.504610233,0.000412072
603,1.414437809,1.54809296,0.000462362
604,5.515508585,1.393027298,0.001233509
605,1.555513966,1.383765244,0.000684462
606,6.562816977,1.466122437,0.001014521
607,1.605413554,1.461755805,0.000501014
608,1.453262287,1.619821486,0.000454098
609,1.403718278,1.521119504,0.00053325
610,9.633981278,1.282415975,0.001922933
611,1.436954457,1.769731036,0.000390993
612,1.262469641,1.657430111,0.000386083
613,1.231034075,2.13013453,0.00185906
614,1.363890774,1.551252809,0.000342001
615,4.830516744,1.479046512,0.001400179
616,1.508497872,1.520046839,0.00027311
617,1.544090891,1.528274841,0.000425015
618,1.329171432,1.572388015,0.000591248
619,1.375166238,1.458332211,0.000332431
620,1.484675253,1.621410934,0.000382046
621,1.546329255,1.542033937,0.000303993
622,7.868155192,1.4087423,0.000658731
623,1.508299035,1.524800277,0.000299694
624,1.267588471,1.61241596,0.000937312
625,8.910318557,1.435957462,0.000936984
626,1.468782284,1.450068222,0.000260545
627,1.420540393,1.490786924,0.000319923
628,1.345267211,1.656985899,0.000373375
629,1.54615974,1.354430215,0.000551926
630,1.792843293,1.429855404,0.000308596
631,1.573453072,1.352100476,0.000567552
632,1.28511128,1.982199818,0.000736021
633,7.283109717,1.32385022,0.000567204
634,1.399525341,1.645541626,0.00042037
635,1.388511373,1.449016354,0.000423887
636,8.381256136,1.407102877,0.000990467
637,1.853791202,1.435825659,0.000491686
638,1.775298065,1.414517726,0.000336305
639,1.477641261,1.481441746,0.000276671
640,1.376622736,1.883267182,0.000768465
641,8.574854858,1.384202655,0.000931737
642,1.288146954,1.773486184,0.000645888
643,1.364555648,1.779693874,0.001104689
644,1.610351728,1.43524742,0.000284551
645,1.444728217,1.496177303,0.000322969
646,1.400590049,1.531406229,0.000906057
647,1.564880465,1.328269373,0.000535482
648,1.466619007,1.489713619,0.00035568
649,7.731179679,1.462624025,0.000745502
650,1.390859379,1.704395617,0.000414108
651,7.568258421,1.418701943,0.000634598
652,1.275300909,1.901414041,0.000634839
653,2.251953186,1.372085775,0.000482248
654,4.843252655,1.422235439,0.000719107
655,8.629140852,1.479139135,0.001277325
656,1.632289262,1.439275706,0.000429915
657,1.299352655,1.725853022,0.000616209
658,1.606194454,1.463036856,0.000397585
659,1.590529722,1.317482896,0.000358027
660,1.829632246,1.468735577,0.000321191
661,8.168612612,1.361205899,0.000654205
662,1.329424236,1.572798867,0.000511032
663,2.105711456,1.276292483,0.001315789
664,1.323194808,1.760898117,0.001466341
665,8.099718924,1.54651222,0.000885189
666,1.405793084,1.659758577,0.000363301
667,1.453165666,1.567097566,0.00029216
668,9.289819829,1.656758774,0.001306687
669,1.44291915,1.586138582,0.000338709
670,1.478380058,1.459272786,0.000295281
671,1.571348889,1.544327616,0.000454616
672,1.318551809,1.664735322,0.000357426
673,1.424555958,1.424690098,0.000505767
674,1.378532752,1.653247093,0.000553001
675,1.267751824,1.613020477,0.000698465
676,1.467640886,1.426948373,0.00030564
677,1.454524906,1.620733387,0.000300183
678,1.570094022,1.430291023,0.000694878
679,8.560775345,1.322269133,0.000806072
680,1.486957245,1.599468637,0.0003033
681,1.270745324,2.001034865,0.000747406
682,1.401236313,1.729349908,0.000368088
683,1.473515088,1.442583658,0.000354309
684,1.376302705,1.503439889,0.00030519
685,1.610315915,1.434759275,0.000306944
686,1.392675002,1.54567572,0.00034325
687,1.511429014,1.669155982,0.000307909
688,9.723727015,1.497792561,0.00200626
689,1.470811685,1.56828991,0.000351964
690,1.400119611,1.547739503,0.000786334
691,1.495618373,1.486240882,0.000320111
692,1.488501398,1.632776881,0.000391061
693,6.268585568,1.373196108,0.00065028
694,2.722995,1.300319855,0.000407857
695,1.606741353,1.463939224,0.000359261
696,1.465538914,1.533243601,0.001031651
697,1.378105468,1.651724914,0.000464072
698,5.87254231,1.429268223,0.001281292
699,1.472262755,1.449219103,0.000412142
700,1.372701909,1.573127786,0.000316167
701,1.543937724,1.488480858,0.001047602
702,9.361993923,1.218850662,0.001599893
703,1.510358859,1.669162635,0.001083069
704,1.353945148,1.665327883,0.000451238
705,6.880699681,1.410431652,0.00074648
706,2.116155113,1.356505092,0.000557
707,1.371436275,1.86531288,0.000577868
708,1.822389849,1.403960561,0.000366286
709,1.403770421,1.491104149,0.000274602
710,1.357261673,1.653221302,0.000475225
711,1.408718677,1.427294199,0.000290177
712,1.552725078,1.567427177,0.000301806
713,1.271027363,2.00163641,0.000848213
714,1.363792796,1.651586134,0.000549041
715,1.543777949,1.492160023,0.000359691
716,1.642195864,1.374845261,0.000328794
717,1.306844276,1.7183783,0.000359927
718,1.817785832,1.383709205,0.000421007
719,1.881377423,1.257145841,0.001634857
720,1.410673168,1.642082985,0.000420568
721,1.53445646,1.468343689,0.000311136
722,2.721451087,1.300997942,0.000718827
723,1.305180243,1.81790957,0.000463336
724,1.339002292,1.672301802,0.000423996
725,1.493999244,1.455768866,0.000342245
726,1.288115145,1.772096141,0.000557822
727,1.476009231,1.497992096,0.000275331
728,1.494306986,1.716189115,0.00035275
729,1.393335841,1.593204481,0.000756777
730,1.405168014,1.432045564,0.000565646
731,5.868308254,1.654307739,0.000924278
732,1.571970268,1.550341005,0.000409112
733,1.336962594,1.72856027,0.000397446
734,6.861933701,1.382065454,0.00065933
735,1.577271399,1.449649039,0.000280692
736,1.492406958,1.643451512,0.000332049
737,1.320207304,1.48896982,0.000314047
738,1.515357676,1.514363965,0.000344623
739,1.850980612,1.35000493,0.00044813
740,1.498380245,1.459196372,0.000379528
741,1.384115049,1.563744236,0.000820165
742,2.250229977,1.371535337,0.000360634
743,1.519480196,1.502335921,0.000273045
744,7.805985029,1.360125757,0.002517225
745,2.164137837,1.357050707,0.00059598
746,1.430391063,1.68775184,0.000379428
747,4.844260331,1.423608573,0.001147877
748,1.439358711,1.503063805,0.000367882
749,1.557285025,1.57313499,0.000271267
750,1.671035716,1.421038878,0.00037247
751,8.099761889,1.546677487,0.002061064
752,1.621954161,1.528095827,0.000470669
753,1.595388305,1.547953563,0.00047012
754,1.37926685,1.557848356,0.000315006
755,1.278595542,1.893485785,0.000863679
756,1.359257257,1.77979593,0.00036
757,1.581576377,1.664385824,0.000314958
758,1.427366157,1.516825959,0.000486787
759,3.167596922,1.277068185,0.000730753
760,1.46649121,1.540859848,0.000509633
761,1.563480439,1.373638861,0.000518476
762,1.467320924,1.385207844,0.000343105
763,6.10137654,1.38747992,0.000961241
764,1.546451241,1.661131682,0.000735193
765,1.516126392,1.452041268,0.000387003
766,8.782360777,1.423370486,0.000985663
767,6.280313906,1.297090144,0.0022781
768,1.331850722,1.521586786,0.000372161
769,1.397279169,1.524103971,0.00039682
770,1.562008607,1.375838278,0.000732465
771,1.298761186,1.904321374,0.000653011
772,1.487911569,1.529389989,0.00031336
773,1.300970668,1.785934021,0.000542003
774,1.490050311,1.384450099,0.00037867
775,1.376451681,1.540637466,0.000491059
776,1.440322595,1.584369851,0.000524199
777,1.347220865,1.699677407,0.000547827
778,1.404733518,1.546676046,0.000374105
779,1.489053201,1.461840599,0.000479686
780,8.706375333,1.387721946,0.001820885
781,9.822473191,1.416831713,0.001348948
782,1.446665593,1.492176116,0.000904357
783,1.491540151,1.482848961,0.000626195
784,1.469179306,1.69233782,0.000348462
785,1.452380378,1.47177581,0.000265334
786,1.40723682,1.406043706,0.00058767
787,1.381349877,1.735917319,0.000476427
788,1.41695044,1.444766393,0.000294253
789,1.491743714,1.471413732,0.000344031
790,1.511400834,1.440491373,0.000384567
791,6.514187977,1.393666189,0.00065955
792,1.403996248,1.711842313,0.00034069
793,7.015650912,1.375140233,0.000589808
794,1.373874227,1.573533253,0.000330077
795,1.41497332,1.623588482,0.000344157
796,1.322319146,1.768595483,0.000390736
797,1.504845745,1.457639269,0.000462781
798,1.284498938,1.981308021,0.001059656
799,1.289317204,1.691280079,0.000438953
800,1.430865233,1.58896263,0.000337897
801,1.710577966,1.287939107,0.000487805
802,1.410983581,1.643371245,0.000296576
803,6.093851514,1.339785977,0.00102834
804,1.354154282,1.665015913,0.000333107
805,1.440521686,1.535869369,0.000299959
806,1.525000748,1.515919559,0.000337951
807,1.479652701,1.45940891,0.000648772
808,8.46166604,1.3726554,0.00122677
809,1.494823114,1.527334626,0.001305502
810,1.447488223,1.614267592,0.000366899
811,7.408820624,1.409227816,0.001475943
812,1.625790818,1.373154551,0.000650268
813,1.304330932,1.76327427,0.000694694
814,9.560414628,1.588183519,0.001337413
815,1.426916071,1.524317988,0.00043045
816,1.364979474,1.506587681,0.000270412
817,9.516041789,1.340133546,0.001414801
818,1.328889015,1.571264358,0.000535628
819,1.513600123,1.414354949,0.000279311
820,1.30778179,1.699744962,0.000686625
821,1.239711416,2.115480222,0.005035191
822,1.430097223,1.452948,0.000805535
823,2.896117247,1.453648588,0.000732988
824,1.598920836,1.475540741,0.00066089
825,1.363289461,1.554144659,0.000329694
826,1.321761499,1.766648574,0.00047434
827,1.586646227,1.476631743,0.000321303
828,1.608501148,1.462448779,0.000289722
829,1.508573397,1.55782582,0.000290272
830,1.381244684,1.735998027,0.000515682
831,1.431290852,1.491668268,0.000452033
832,1.336334644,1.679182147,0.001006558
833,9.770806322,1.429368209,0.001362964
834,1.263648057,1.584601286,0.000392456
835,1.36625232,1.542529474,0.000338058
836,1.348504215,1.70076328,0.000375041
837,6.561821701,1.466482178,0.00278174
838,7.49874496,1.451062814,0.001360808
839,1.506438108,1.58687305,0.00026291
840,1.363084771,1.788404968,0.000958289
841,1.524356455,1.514319736,0.000423947
842,1.30798854,1.879160731,0.000773701
843,1.440552251,1.545743003,0.000297409
844,1.334605804,1.811541997,0.00044864
845,1.291991342,1.62167832,0.000560063
846,1.579400105,1.45397551,0.000413114
847,1.334013618,1.566575858,0.000632889
848,1.32511886,1.362725371,0.00055451
849,1.37499957,1.797596735,0.000359493
850,1.570778627,1.526099151,0.000399181
851,8.981480327,1.417789594,0.001115005
852,1.291070606,1.763194186,0.000465258
853,1.469953784,1.568910258,0.000407293
854,1.367071521,1.781494347,0.00042553
855,1.341397305,1.635198724,0.000435506
856,1.395803414,1.929498469,0.000923709
857,1.615415756,1.485731593,0.002817364
858,1.541701441,1.476518741,0.000356833
859,9.194221541,1.403134878,0.001538408
860,1.32305569,1.62308092,0.000927452
861,1.617740682,1.387510965,0.000388504
862,1.581313473,1.456928788,0.000402397
863,1.53496771,1.469261918,0.000516883
864,1.416327362,1.443358673,0.000432699
865,6.451051191,1.329344315,0.000986147
866,8.11772373,1.354956878,0.001628017
867,1.415231536,1.42600547,0.002817364
868,1.668050948,1.49490445,0.0005153
869,1.422328313,1.682724207,0.000480219
870,1.542841422,1.595217173,0.000270809
871,1.34449086,1.560171763,0.00035445
872,1.41533732,1.491436331,0.000284075
873,7.473463963,1.447775959,0.000841601
874,1.358828621,1.495660689,0.000265695
875,2.215322539,1.354502005,0.000562261
876,1.367525773,1.613823853,0.000305746
877,1.543541256,1.503646636,0.00030906
878,1.643785796,1.640445305,0.000307417
879,2.103045724,1.234523945,0.000444446
880,1.464631978,1.462093509,0.000283268
881,1.376156425,1.545500369,0.000303646
882,8.21075296,1.2686417,0.001837653
883,1.51121977,1.451496459,0.000395821
884,1.437693614,1.578099837,0.000318629
885,1.357317125,1.515568036,0.0002802
886,7.064947956,1.390677798,0.000872256
887,1.440771415,1.535949426,0.000291947
888,1.338352912,1.509773864,0.000504293
889,1.439649326,1.492201332,0.000310858
890,1.334835349,1.796379498,0.000514203
891,1.405577837,1.719564486,0.000458585
892,1.495569673,1.456981111,0.000302038
893,1.437813255,1.501358949,0.000631534
894,1.277686187,1.984414334,0.000967242
895,1.2999119,1.755684979,0.000426252
896,1.379022294,1.530469654,0.000370867
897,1.352427722,1.709582415,0.000337868
898,2.021487856,1.399230129,0.000377098
899,2.031738634,1.432326849,0.000545646
900,1.340826612,1.661933956,0.000469743
901,1.713710388,1.340320866,0.000405642
902,1.420029402,1.433551324,0.000676479
903,1.474782987,1.495697407,0.000414252
904,8.000388472,1.389148233,0.001208395
905,1.555715851,1.585289838,0.000311633
906,1.393991808,1.578732227,0.000676428
907,1.692703137,1.341357275,0.000486461
908,1.591610647,1.574377451,0.000339601
909,1.357027974,1.591902618,0.000323568
910,9.177286403,1.514497957,0.001380875
911,1.659823136,1.316494916,0.00070607
912,1.403833423,1.711674789,0.00079244
913,1.495805375,1.522440451,0.000324138
914,1.415922213,1.442398105,0.000369347
915,1.332059116,1.658729641,0.000470574
916,1.416129882,1.570409247,0.000630941
917,1.737740852,1.509646921,0.000392626
918,1.392750227,1.567404069,0.000326531
919,1.574055712,1.616835045,0.000540699
920,1.363231582,1.754455286,0.000538483
921,1.595496724,1.545658538,0.001523639
922,1.420983434,1.492074407,0.000307251
923,1.415126203,1.62464413,0.000305219
924,1.388751649,1.587021539,0.000438285
925,1.676389226,1.398350233,0.000330173
926,8.326857749,1.416457206,0.000979702
927,1.639026348,1.45370726,0.000347276
928,1.575687302,1.599416716,0.000273316
929,6.297089646,1.494053823,0.000636493
930,8.084777044,1.341884415,0.001067863
931,8.324921878,1.416379506,0.000826028
932,1.788806036,1.431770837,0.000461823
933,1.727116566,1.407171319,0.000344117
934,7.433259464,1.377041904,0.001378772
935,1.661929059,1.399245525,0.000495598
936,1.581163932,1.533013658,0.000420308
937,1.341248682,2.183789571,0.001024286
938,9.100848753,1.411827553,0.001466432
939,1.375541713,1.577959409,0.000773144
940,1.448274588,1.394234283,0.000344255
941,1.495403806,1.486392833,0.000282006
942,1.582062465,1.393972807,0.00039182
943,6.957578539,1.286984527,0.000931123
944,1.483232645,1.302136901,0.000381675
945,1.78053907,1.485978241,0.000355399
946,1.368809147,1.710567545,0.000498199
947,1.29157122,1.873237535,0.000588923
948,1.51374977,1.58969794,0.000281784
949,7.03009735,1.658718732,0.000817472
950,6.953443819,1.356729929,0.001131067
951,6.438237156,1.44820187,0.001535109
952,7.163145263,1.453205547,0.000997551
953,1.428252071,1.518538997,0.00032059
954,1.409129316,1.46504274,0.000625876
955,1.322519664,1.751263668,0.000723161
956,1.297164242,1.803896167,0.000993377
957,1.446254546,1.491588132,0.000344227
958,1.278012849,1.882258474,0.000826706
959,1.538979411,1.537565201,0.000297772
960,1.529133683,1.489713537,0.000280536
961,1.545676577,1.661957009,0.000498438
962,5.01547824,1.500714722,0.000935695
963,1.522187303,1.507935932,0.000262572
964,1.34190134,1.639257197,0.000445193
965,1.67482999,1.391219153,0.000308189
966,2.038168143,1.379959918,0.000412923
967,1.508137803,1.411514229,0.000478287
968,1.40863111,1.582280968,0.001582991
969,1.435285498,1.492441394,0.000300253
970,1.496886137,1.512157884,0.000372755
971,6.087457965,1.32038923,0.001254805
972,8.132163944,1.319332421,0.001329225
973,7.293629662,1.521439597,0.000614332
974,1.571283579,1.328339917,0.000703006
975,1.4750951,1.584175026,0.000311431
976,1.308076468,1.760146502,0.000706738
977,1.674226015,1.469079562,0.000461717
978,1.473549193,1.471248324,0.000280512
979,1.333307206,1.919926608,0.000814973
980,1.354768236,1.681887743,0.000603533
981,2.06252824,1.418211027,0.000806038
982,1.736719197,1.362750453,0.000545644
983,1.404286754,1.510643433,0.000374602
984,2.166431858,1.367772492,0.000358909
985,1.898202461,1.416676038,0.000541968
986,7.805577158,1.563568736,0.000680526
987,1.629777796,1.390781835,0.000575157
988,9.007809907,1.400534356,0.000999498
989,6.871723633,1.415101916,0.000642052
990,6.958445364,1.485829061,0.00070735
991,1.581506043,1.670521268,0.000379762
992,6.290141631,1.417467401,0.000964892
993,7.897040366,1.469091754,0.000969936
994,1.508055507,1.411729015,0.000401972
995,1.275393803,1.655857989,0.000645857
996,1.317289045,1.67363903,0.000611483
997,8.70357288,1.36890975,0.000843275
998,8.242381217,1.344499302,0.00097152
999,1.977273144,1.400375703,0.000330034
1000,1.494619554,1.520367363,0.000322299
1001,6.090427083,1.339629856,0.000791755
1002,1.361978475,1.605216936,0.000508913
1003,8.325217172,1.416097535,0.00094414
1004,1.476556046,1.428892223,0.000394415
1005,1.621158746,1.527147411,0.000404331
1006,1.544477885,1.435384997,0.000557576
1007,1.615901469,1.55740418,0.000410741
1008,2.514900984,1.266667647,0.000929298
1009,1.509747738,1.559936084,0.00026403
1010,1.334874398,1.79714954,0.000413955
1011,6.460545117,1.399300141,0.000900859
1012,2.052771928,1.319245824,0.000483179
1013,1.428858398,1.386488572,0.000269196
1014,8.866014779,1.402580708,0.002364504
1015,1.304823998,1.81740108,0.00046498
1016,1.444332006,1.556150614,0.000289034
1017,1.317872158,1.787647946,0.001036365
1018,7.620493017,1.311497509,0.000602136
1019,1.706136633,1.570820292,0.000275097
1020,2.105376979,1.234929991,0.000652097
1021,1.680062509,1.319304019,0.000573026
1022,1.698712104,1.303598776,0.000362939
1023,1.608497168,1.466166631,0.000436971
1024,1.654536992,1.565782203,0.000261541
1025,1.403814386,1.510050272,0.000287808
1026,6.975907433,1.481203672,0.000812659
1027,1.409416229,1.589185756,0.000303197
1028,7.542429097,1.441900745,0.000731504
1029,1.960661823,1.336817954,0.000373878
1030,1.61024332,1.400445768,0.000401874
1031,7.674273659,1.38840668,0.000688388
1032,1.332176522,1.600807387,0.000416177
1033,1.595542593,1.440402711,0.000361274
1034,1.903635767,1.531455542,0.000560247
1035,1.458124479,1.403222646,0.000354294
1036,1.422493059,1.584430513,0.00042268
1037,7.546234332,1.527935449,0.000801514
1038,1.389245905,1.408486249,0.000715293
1039,1.598263866,1.332457106,0.000323796
1040,1.454245335,1.621701576,0.000285471
1041,1.582747795,1.452799459,0.000429589
1042,1.475811594,1.759674873,0.00030907
1043,1.421984405,1.564027866,0.000293086
1044,1.346914616,1.699693831,0.000411275
1045,2.087553925,1.269119813,0.000478781
1046,1.366559982,1.699664649,0.000366564
1047,1.539732724,1.538524681,0.000497926
1048,1.289688792,1.576337768,0.000517838
1049,8.715711122,1.432911515,0.000961141
1050,1.653469672,1.368954407,0.000370659
1051,1.628724677,1.350984068,0.000322234
1052,1.309710356,1.657709792,0.00077185
1053,1.31800381,1.675513352,0.000533366
1054,1.458511869,1.373464406,0.000612086
1055,1.571096371,1.600467245,0.00040754
1056,1.819174378,1.385035311,0.000526733
1057,1.404076402,1.558665698,0.000460082
1058,1.303523094,1.843944541,0.000506864
1059,1.69480349,1.512895021,0.000338281
1060,4.747137768,1.369158032,0.002885901
1061,8.543743472,1.644062496,0.001496514
1062,1.308858198,1.760617395,0.000609052
1063,6.261402635,1.426216981,0.002676024
1064,1.390544556,1.541917752,0.00028605
1065,1.523333351,1.404393072,0.000314198
1066,1.375009327,1.558677234,0.0012047
1067,1.363311746,1.755985051,0.000383672
1068,1.276758361,1.709070254,0.000568529
1069,1.324824253,1.803352302,0.000444922
1070,9.151336273,1.401445759,0.001554749
1071,1.360022897,1.576769476,0.000300756
1072,7.035655112,1.594433449,0.002354424
1073,1.377503791,1.884383368,0.001449351
1074,1.47982927,1.403028258,0.000372599
1075,1.438824523,1.578699321,0.000292938
1076,1.423333034,1.546856422,0.001034901
1077,1.338481408,1.671004049,0.000767677
1078,1.591351888,1.383310097,0.000319066
1079,1.392188059,1.412778912,0.001014753
1080,6.333435353,1.553659402,0.001248899
1081,1.292385606,1.791760637,0.000984669
1082,5.872207524,1.429148703,0.001244074
1083,1.568232302,1.355673291,0.000502139
1084,1.406114821,1.586184355,0.000480893
1085,1.360001014,1.49987761,0.000453774
1086,2.041173467,1.43024884,0.000792327
1087,1.447062035,1.492696307,0.000462781
1088,1.258550703,1.905849703,0.000941081
1089,1.631987964,1.55575185,0.000407173
1090,1.474044614,1.550919985,0.000392861
1091,1.294716249,1.726277466,0.000722223
1092,1.379303729,1.531460687,0.000577661
1093,1.792467429,1.429632551,0.000354712
1094,1.291694009,1.685596631,0.000396604
1095,1.86994011,1.40989088,0.000394137
1096,1.314295542,1.657852318,0.000374839
1097,1.547233286,1.528319911,0.000359656
1098,1.538695922,1.481498175,0.000454628
1099,1.488285189,1.528482628,0.001082163
1100,5.586918479,1.47020726,0.001313985
1101,1.489098427,1.56432641,0.000301758
1102,1.680551807,1.571011242,0.000555802
1103,1.396788465,1.509076093,0.000474027
1104,8.29757833,1.402182921,0.001004611
1105,8.236688972,1.269829527,0.001332081
1106,2.037076572,1.395114693,0.000493912
1107,1.548389795,1.451604882,0.000451382
1108,1.424062632,1.606464454,0.000361282
1109,1.323393407,1.710552974,0.000439851
1110,8.717535809,1.416136892,0.001264987
1111,1.394564986,1.829120627,0.000751037
1112,1.307842308,1.930112405,0.000584073
1113,1.336098422,1.670850721,0.000475381
1114,1.648239994,1.412500194,0.000375866
1115,1.341614843,1.575415592,0.000334061
1116,1.614993603,1.393227338,0.000349456
1117,5.157823509,1.358307918,0.000729711
1118,1.545606146,1.383858554,0.000419526
1119,1.34416251,1.57098315,0.000341551
1120,1.525835276,1.369501654,0.000749326
1121,5.994864212,1.405291441,0.001672234
1122,7.92464895,1.52135654,0.001571594
1123,1.393288699,1.414682853,0.000397455
1124,8.400727479,1.516832757,0.003056778
1125,1.458292415,1.430924989,0.000278382
1126,2.113165512,1.355056672,0.000574409
1127,2.238265602,1.252482874,0.000708908
1128,1.505415399,1.533881182,0.000269671
1129,1.767018461,1.41768713,0.000645677
1130,8.929673338,1.46636795,0.001478302
1131,1.383464042,1.592342532,0.000469059
1132,1.627398335,1.46812035,0.000297628
1133,1.370177496,1.787941769,0.000375665
1134,1.473147949,1.410238443,0.000276672
1135,1.845412218,1.292706161,0.000487907
1136,1.784587655,1.439534977,0.000384361
1137,1.394487578,1.507714305,0.000434921
1138,1.423214231,1.686040686,0.000525715
1139,8.234011348,1.269818946,0.000855953
1140,1.414427273,1.497729735,0.000592184
1141,1.626384425,1.570742251,0.000530418
1142,4.766494883,1.422045611,0.003311253
1143,1.662959445,1.366767806,0.000329765
1144,1.718551844,1.437325116,0.000290329
1145,5.871371345,1.429077404,0.000914238
1146,9.592040111,1.366112372,0.003643002
1147,7.667792619,1.354607672,0.002378522
1148,1.384323416,1.696851896,0.000517128
1149,9.517126588,1.545971854,0.002194247
1150,1.571752675,1.414539175,0.000507556
1151,1.320912973,1.650340542,0.001009929
1152,1.303471813,2.010956355,0.000836244
1153,1.841766769,1.365154504,0.000528401
1154,1.634420626,1.421657536,0.000449582
1155,1.483257241,1.301680128,0.000423883
1156,1.383454995,1.592401387,0.000625656
1157,1.463988834,1.460816591,0.000550494
1158,1.333423932,1.631756391,0.000446659
1159,8.195827763,1.378600646,0.000743798
1160,1.485001978,1.622947929,0.000395399
1161,1.396868422,1.522558018,0.000561972
1162,1.411691372,1.476008679,0.000591318
1163,6.53167223,1.59769505,0.001291864
1164,1.439216655,1.273080581,0.001661293
1165,1.389112063,1.409530624,0.000336783
1166,1.488512369,1.486224444,0.000773977
1167,1.577231812,1.480140315,0.000318645
1168,1.477676098,1.59797335,0.000736503
1169,1.318648679,1.757633824,0.000378355
1170,1.352005119,1.685820874,0.000570712
1171,1.64285523,1.373916316,0.00054877
1172,1.366482365,1.612504979,0.000357237
1173,1.633547011,1.419956234,0.000312909
1174,1.421077861,1.538977714,0.000327581
1175,1.23981547,2.117439946,0.003464314
1176,1.31786379,2.101573997,0.000741602
1177,1.607813101,1.465889995,0.000287557
1178,1.366245676,1.542503316,0.00031489
1179,1.361168326,1.507977407,0.000306805
1180,1.497206562,1.450089138,0.000318646
1181,1.499364731,1.553585727,0.000287304
1182,1.439228565,1.408514477,0.000255586
1183,1.460295584,1.387889776,0.000629735
1184,1.342210823,1.585869409,0.00074644
1185,1.439658252,1.535641902,0.000335118
1186,1.401634071,1.534050733,0.000849863
1187,1.484204868,1.659571747,0.000535645
1188,1.341258603,1.760337439,0.004837245
1189,1.506579891,1.537440774,0.000389303
1190,1.376035804,1.883230612,0.000419
1191,1.643502683,1.375692724,0.000463372
1192,1.459996618,1.389015039,0.000480203
1193,1.346482748,1.614838427,0.000524387
1194,1.658348696,1.36566724,0.000311974
1195,1.362445567,1.553357143,0.000535737
1196,1.560921642,1.634084302,0.000320939
1197,1.315690427,1.6510831,0.000433474
1198,1.592476377,1.314738567,0.000374754
1199,3.166507875,1.275162122,0.000784166
1200,6.23548814,1.313365814,0.000749345
1201,1.420225283,1.489855459,0.000345282
1202,1.455317377,1.465716456,0.000377607
1203,1.289466562,1.575675554,0.000495942
1204,1.298903737,1.871988591,0.00065614
1205,1.271931916,2.003132464,0.000947873
1206,1.341256827,1.848509016,0.000525146
1207,8.157327336,1.50830322,0.001496514
1208,1.675322075,1.562574874,0.000717715
1209,1.411306338,1.452655142,0.000358813
1210,1.380573572,1.73462967,0.001149469
1211,1.361400484,1.594326017,0.000537851
1212,1.334645494,1.603336299,0.000565412
1213,8.902421714,1.412813617,0.001814705
1214,1.693532829,1.341724991,0.000357487
1215,1.552396741,1.394932377,0.000380561
1216,1.343197061,1.766608948,0.000382101
1217,1.463547788,1.586348422,0.000304049
1218,6.47846084,1.529883446,0.000603636
1219,1.743454122,1.377967711,0.000626423
1220,1.34205107,1.476224823,0.000312769
1221,1.556607841,1.414230907,0.000483589
1222,1.455202563,1.571793341,0.000413523
1223,1.524516219,1.514024297,0.000279443
1224,1.370330302,1.66515423,0.000443136
1225,5.87194113,1.537245771,0.001311404
1226,1.524499806,1.515389124,0.000299305
1227,2.063468556,1.419441027,0.000377808
1228,1.305855156,1.915059408,0.001850575
1229,2.005651177,1.335203992,0.000438168
1230,1.430524513,1.596442777,0.000470032
1231,1.625405683,1.373284265,0.000376542
1232,1.515339297,1.449369197,0.000410878
1233,6.096744655,1.388572627,0.001261681
1234,1.545811757,1.66077903,0.000294183
1235,1.277016011,1.81201247,0.000659463
1236,8.358488951,1.429469754,0.001354268
1237,1.342572954,1.641306108,0.000355831
1238,1.392992109,1.787574566,0.000528375
1239,8.57569888,1.383719034,0.001397716
1240,2.038761787,1.38091855,0.000578502
1241,8.009722722,1.46067149,0.000869218
1242,1.668981297,1.495267199,0.000477964
1243,1.870409212,1.40987903,0.001030837
1244,1.365500532,1.668674671,0.000374615
1245,8.598086126,1.635516523,0.001688492
1246,1.793799064,1.420203505,0.000344648
1247,2.369303699,1.290437538,0.000871634
1248,1.429646084,1.476406479,0.000675993
1249,1.459084338,1.533737799,0.000288997
1250,1.565685862,1.403422195,0.000330975
1251,1.278249756,1.986939711,0.000798961
1252,1.515772886,1.451446008,0.000358654
1253,1.430694463,1.588551419,0.000391017
1254,1.472499522,1.470942342,0.000323624
1255,1.463761196,1.586238056,0.000473639
1256,1.357724051,1.516286668,0.001166886
1257,1.423960359,1.561163098,0.000295469
1258,1.427073321,1.534419495,0.000387916
1259,1.404600136,1.657914447,0.000317513
1260,8.991895865,1.377725951,0.001206669
1261,2.037458456,1.380181372,0.000560758
1262,1.44733689,1.55534128,0.000616745
1263,1.299249689,1.725238856,0.001530444
1264,1.590216914,1.317263828,0.000405463
1265,1.625988041,1.445838211,0.00031307
1266,2.046000752,1.364338421,0.001127588
1267,1.328066528,1.579834364,0.000300621
1268,1.781412313,1.261423099,0.000812735
1269,1.288125209,1.95053005,0.000887587
1270,1.482943808,1.446930667,0.000433959
1271,1.404364132,1.520455465,0.000445407
1272,1.45548226,1.55263768,0.000658705
1273,1.630147916,1.391703559,0.000338122
1274,1.627297872,1.572417861,0.000539522
1275,1.351245115,1.734234494,0.000363389
1276,1.298296358,1.787769739,0.001199945
1277,1.299732408,1.792124667,0.000501291
1278,1.491798165,1.643973628,0.00048853
1279,8.560608486,1.322127094,0.001145137
1280,1.351645457,1.476051276,0.000634651
1281,1.413727061,1.724264199,0.000383241
1282,3.166700237,1.276273746,0.000468628
1283,1.371803267,1.570058419,0.000624113
1284,1.246566738,1.956612212,0.001943035
1285,1.476091101,1.75151562,0.000483775
1286,1.735480011,1.316169053,0.000347738
1287,1.469693133,1.452078379,0.0002954
1288,1.57041741,1.477942724,0.000312472
1289,1.467557824,1.490624724,0.000571974
1290,1.458610786,1.534100488,0.000377251
1291,5.019582155,1.50215487,0.001279983
1292,1.351125777,1.721995923,0.000546428
1293,1.515524755,1.450279532,0.000424377
1294,1.438856128,1.632121045,0.000307761
1295,1.663065216,1.474124885,0.000480338
1296,1.276637934,1.709652085,0.000541706
1297,1.375986961,1.732487801,0.001114649
1298,1.43097826,1.586429076,0.000271783
1299,6.182906006,1.371171211,0.000722009
1300,1.505935005,1.604819175,0.000582684
1301,1.771480316,1.383337981,0.000336294
1302,1.470004512,1.457593571,0.00147592
1303,1.510118385,1.431934775,0.000403637
1304,1.677498464,1.399683138,0.000474642
1305,1.50397616,1.351165884,0.000501911
1306,1.514101713,1.473734594,0.00064338
1307,1.41732839,1.459464181,0.000395198
1308,1.599111279,1.475834519,0.000320115
1309,1.542818935,1.503027763,0.000298172
1310,1.511585366,1.450801634,0.000501206
1311,1.30976991,1.655334454,0.000394554
1312,1.423794876,1.444660005,0.000440673
1313,1.324369281,1.661672629,0.000389114
1314,1.456462477,1.463416312,0.000292929
1315,1.308905511,1.761311591,0.000410929
1316,1.385599538,1.506092528,0.000407969
1317,1.363481525,1.750179567,0.000393796
1318,1.545250888,1.462667315,0.000373643
1319,5.610675225,1.399835938,0.001017046
1320,7.623737527,1.31097322,0.000891525
1321,1.330161137,1.818058859,0.000592919
1322,1.483737531,1.447689908,0.000581202
1323,1.257103329,1.963838335,0.001247535
1324,5.156211217,1.455484555,0.001087338
1325,1.494476307,1.503141488,0.000318565
1326,1.493900733,1.417635406,0.000347792
1327,8.779454939,1.371639287,0.001129201
1328,1.304160488,1.7996908,0.000450778
1329,5.284399868,1.480480953,0.000978596
1330,1.409961461,1.53503149,0.000271518
1331,8.14309577,1.418226084,0.000773708
1332,2.327597417,1.30775522,0.000506525
1333,1.376922594,1.636673437,0.000307263
1334,1.363712802,1.551196578,0.000325734
1335,1.674158147,1.308320247,0.000470559
1336,1.340272168,1.66222331,0.000474762
1337,1.36493775,1.506708756,0.000345269
1338,1.891794038,1.377687683,0.000364156
1339,1.353914884,1.67618801,0.00036448
1340,8.35410284,1.365442986,0.001896542
1341,2.064953886,1.43906169,0.000745413
1342,1.323521327,1.762875889,0.000583299
1343,1.586959936,1.371282103,0.000425216
1344,5.65314234,1.419477246,0.000972319
1345,1.325656086,2.070685337,0.000606561
1346,7.068797772,1.390888585,0.000910299
1347,1.22374897,2.464569331,0.00346558
1348,1.575233214,1.599202301,0.000594221
1349,2.216965191,1.355004,0.000471012
1350,1.475837875,1.759408674,0.00057241
1351,6.182697098,1.371214453,0.000872001
1352,1.292182019,1.622565149,0.000805319
1353,6.044206818,1.521842171,0.000842146
1354,7.414269713,1.366276444,0.000754592
1355,1.384826183,1.5404793,0.000300401
1356,1.469551605,1.605166888,0.000493244
1357,1.446307037,1.432847287,0.000301231
1358,1.276442031,1.698200242,0.00050689
1359,1.605907604,1.441200469,0.000418973
1360,1.634963044,1.350308915,0.000325869
1361,1.428113032,1.438155176,0.000297924
1362,1.464220862,1.548121304,0.000406612
1363,1.440088764,1.583594901,0.000348867
1364,1.511000947,1.44031879,0.000277474
1365,1.317335874,1.787511453,0.000537704
1366,1.418092823,1.636235388,0.000327489
1367,5.541321031,1.327060381,0.000872715
1368,7.3023969,1.34118233,0.000769263
1369,1.735476671,1.316515741,0.000376486
1370,1.479609497,1.522244073,0.000428365
1371,1.310606711,1.660826037,0.000736912
1372,6.237609729,1.312471732,0.000819564
1373,1.367878854,1.551628084,0.000342924
1374,6.516204689,1.477326612,0.000722645
1375,8.118864521,1.461258331,0.000994098
1376,1.401409228,1.729707426,0.000435323
1377,1.497750055,1.511925108,0.000391009
1378,1.626588803,1.366021906,0.000332177
1379,1.59825629,1.331978969,0.000808171
1380,1.852369227,1.351615773,0.000445715
1381,2.063216911,1.418537566,0.00037218
1382,1.49752424,1.409902082,0.000285388
1383,1.526889558,1.370138163,0.000998801
1384,1.343436862,1.56987042,0.000378227
1385,7.569796337,1.300723558,0.000901649
1386,1.569796945,1.420424002,0.000342386
1387,1.775123895,1.332813936,0.000572185
1388,1.377216427,1.885441933,0.000496726
1389,1.35365239,1.563721703,0.00030962
1390,1.359078378,1.837215609,0.000401222
1391,1.420391991,1.547384882,0.00028602
1392,8.001338161,1.389224365,0.000889544
1393,1.673765253,1.389560415,0.000328774
1394,1.268596708,1.968985822,0.001067068
1395,1.400103609,1.694016439,0.000393607
1396,1.656563471,1.364703695,0.000497959
1397,1.59637357,1.547550762,0.000302682
1398,6.61261214,1.666303204,0.001359727
1399,7.831198876,1.493005916,0.000740877
1400,1.545476636,1.542245608,0.000904694
1401,1.328557194,1.562146914,0.000512958
1402,1.292238413,1.662304646,0.000979989
1403,1.772554135,1.383221858,0.000663267
1404,1.463653272,1.588051372,0.000601613
1405,1.429953968,1.489561758,0.000270805
1406,1.431712219,1.626073748,0.000482681
1407,1.791992236,1.42975872,0.000456472
1408,1.961077458,1.337181111,0.00071802
1409,1.415263365,1.426144576,0.000513858
1410,1.3582475,1.517380384,0.000393561
1411,1.311820675,1.751521841,0.000534275
1412,1.424147084,1.606600621,0.000483677
1413,1.635587916,1.422035686,0.00049593
1414,1.490625426,1.451383893,0.000443568
1415,1.406503668,1.659898964,0.000405193
1416,1.475233103,1.666216017,0.000828403
1417,1.443785816,1.572367391,0.00036612
1418,1.322639095,1.751632275,0.000893066
1419,1.302646647,1.907169893,0.00142019
1420,1.345571384,1.658221167,0.00041151
1421,5.703020242,1.499470343,0.001661993
1422,1.451344095,1.417041026,0.000454
1423,1.396916762,1.870802325,0.000468199
1424,1.775011046,1.333377532,0.000381991
1425,1.394930566,1.517301784,0.000344144
1426,1.291170792,1.818820821,0.001471457
1427,8.929813858,1.372593621,0.000868668
1428,1.462393471,1.663786362,0.000398472
1429,1.488988025,1.472108203,0.000347222
1430,1.769360077,1.385839062,0.000434615
1431,1.376670566,1.546154431,0.000290782
1432,1.498515816,1.540967457,0.000293803
1433,1.619826994,1.441497479,0.000284513
1434,1.36938023,1.754445782,0.000313227
1435,1.385904786,1.532046652,0.000319957
1436,6.091245834,1.320355572,0.001269644
1437,2.167301794,1.363786895,0.000605042
1438,1.627670326,1.42979374,0.000476615
1439,7.312419221,1.333717436,0.001010686
1440,1.33871191,1.509656953,0.000402488
1441,1.449063412,1.533571305,0.000359894
1442,3.990108939,1.401651132,0.003819618
1443,1.405243653,1.571202424,0.000300613
1444,1.404520891,1.492119878,0.000865761
1445,1.409913257,1.556586424,0.000330835
1446,1.470920482,1.674119564,0.00050424
1447,1.448546415,1.614809703,0.000414688
1448,1.505852964,1.604377994,0.000359575
1449,1.304177912,2.012040911,0.000588202
1450,1.429927992,1.466466778,0.000269333
1451,1.500904986,1.653869545,0.000407382
1452,1.25658554,2.008351011,0.003323369
1453,8.666761863,1.379044777,0.001343001
1454,1.44282946,1.73446385,0.000649296
1455,1.733023498,1.435056744,0.000332199
1456,1.505578877,1.603181186,0.000276405
1457,1.376580452,1.538187291,0.000563758
1458,1.292219464,1.76007391,0.000419163
1459,1.46817282,1.499637138,0.000259977
1460,1.400151195,1.547863942,0.000377491
1461,1.353062147,1.593865006,0.000355173
1462,1.568554936,1.437756878,0.000403937
1463,1.316263374,1.652788283,0.000383451
1464,1.474521397,1.665000943,0.000345375
1465,8.180054109,1.428395046,0.000743993
1466,1.620693319,1.527236327,0.00037619
1467,7.176159556,1.349312782,0.000910228
1468,1.27816851,1.882404127,0.001169887
1469,1.611940421,1.483695834,0.000442128
1470,4.766176112,1.421472034,0.001323626
1471,1.920452054,1.435803275,0.00044313
1472,6.954268573,1.356915119,0.00085402
1473,1.3435049,1.642149568,0.000519913
1474,1.252507314,1.912453478,0.000773315
1475,1.581731346,1.455209032,0.000400882
1476,1.496715572,1.40960997,0.000452495
1477,1.509968335,1.450762803,0.000323887
1478,1.370513957,1.789052302,0.000612295
1479,1.590023705,1.316890642,0.000524585
1480,1.440570758,1.502940467,0.000319725
1481,1.262626739,1.659072607,0.005064858
1482,1.490764213,1.471103129,0.0003298
1483,1.534658178,1.468843762,0.000502651
1484,1.70482981,1.569360479,0.000441306
1485,1.485320104,1.439458119,0.000642043
1486,1.430288398,1.688631338,0.000344399
1487,1.530983303,1.508255855,0.000275471
1488,1.492506257,1.552973723,0.00083881
1489,1.390626447,1.506801044,0.00054977
1490,8.923110145,1.455725098,0.000904425
1491,1.382071787,1.681544256,0.000370017
1492,1.277122754,1.983789732,0.001068443
1493,1.354002196,1.608319045,0.00033106
1494,1.575546836,1.784700457,0.000344232
1495,9.876780921,1.310706107,0.001640751
1496,7.815653558,1.338944635,0.000831681
1497,1.342796017,1.59011709,0.001253841
1498,1.526116698,1.513502709,0.000444349
1499,1.323171847,1.584757383,0.000352156
1500,1.452373509,1.62614766,0.00044456
1501,1.606347543,1.463102592,0.000293889
1502,1.404991848,1.585395136,0.000289512
1503,1.288383558,1.77122704,0.000750007
1504,1.367300756,1.774163967,0.000397317
1505,3.758178113,1.254848861,0.002633933
1506,8.031833468,1.360644971,0.000524197
1507,1.468868115,1.387205052,0.00026701
1508,1.788265233,1.356147536,0.000561289
1509,1.28531181,1.771998172,0.000950438
1510,8.402800734,1.515709051,0.001400508
1511,5.083934544,1.525350814,0.001300875
1512,7.015509654,1.531048528,0.00071673
1513,7.605155808,1.352874087,0.001186291
1514,1.595365297,1.545961202,0.000268963
1515,8.316067384,1.41110043,0.000842605
